{"cameraMode":{"drawMode":0,"name":"Shaded","section":"Shading Mode"},"sceneLighting":false,"audioPlay":false,"sceneViewState":{"m_AlwaysRefresh":false,"showFog":true,"showSkybox":false,"showFlares":true,"showImageEffects":true,"showParticleSystems":true,"showVisualEffectGraphs":true,"m_FxEnabled":true},"in2DMode":false,"pivot":{"x":19.824254989624025,"y":532.469970703125,"z":14.735832214355469},"rotation":{"x":-0.3304612934589386,"y":0.026311764493584634,"z":-0.009255586192011834,"w":-0.9435027837753296},"size":0.28882166743278506,"orthographic":false}