{"cameraMode":{"drawMode":0,"name":"Shaded","section":"Shading Mode"},"sceneLighting":true,"audioPlay":false,"sceneViewState":{"m_AlwaysRefresh":false,"showFog":true,"showSkybox":true,"showFlares":true,"showImageEffects":true,"showParticleSystems":true,"showVisualEffectGraphs":true,"m_FxEnabled":true},"in2DMode":false,"pivot":{"x":-14.002701759338379,"y":250.87301635742188,"z":7.912717342376709},"rotation":{"x":-0.07888418436050415,"y":-0.921123743057251,"z":0.26326629519462588,"w":-0.27588075399398806},"size":10.957303047180176,"orthographic":false}