{"cameraMode":{"drawMode":0,"name":"Shaded","section":"Shading Mode"},"sceneLighting":false,"audioPlay":false,"sceneViewState":{"m_AlwaysRefresh":false,"showFog":true,"showSkybox":false,"showFlares":true,"showImageEffects":true,"showParticleSystems":true,"showVisualEffectGraphs":true,"m_FxEnabled":true},"in2DMode":false,"pivot":{"x":-15.548602104187012,"y":-14.87353801727295,"z":32.50025939941406},"rotation":{"x":0.34271571040153506,"y":-0.08550375699996948,"z":0.03134075552225113,"w":0.9350677728652954},"size":15.346052169799805,"orthographic":false}